TDSFU Daily run: Sat Oct 25 18:39:13 UTC 2025 TDSFU
TDSFU Daily run: Sun Oct 26 04:32:38 UTC 2025 TDSFU
TDSFU Daily run: Mon Oct 27 04:40:40 UTC 2025 TDSFU
TDSFU Daily run: Tue Oct 28 04:34:12 UTC 2025 TDSFU
TDSFU Daily run: Wed Oct 29 04:38:47 UTC 2025 TDSFU
TDSFU Daily run: Thu Oct 30 04:33:40 UTC 2025 TDSFU
TDSFU Daily run: Fri Oct 31 04:37:39 UTC 2025 TDSFU
TDSFU Daily run: Sat Nov  1 04:31:52 UTC 2025 TDSFU
TDSFU Daily run: Sun Nov  2 04:33:44 UTC 2025 TDSFU
TDSFU Daily run: Mon Nov  3 04:40:02 UTC 2025 TDSFU
TDSFU Daily run: Tue Nov  4 04:34:17 UTC 2025 TDSFU
TDSFU Daily run: Wed Nov  5 04:34:36 UTC 2025 TDSFU
